<?xml version="1.0" encoding="utf-8"?>
<ModMetaData>
  <name>Farmable Neutroamine</name>
  <author>Mantrasong</author>
   <supportedVersions>
	<li>1.0</li>
	<li>1.1</li>
  </supportedVersions>
   <packageId>Mantrasong.FarmableNeutroamine.1</packageId>
  <description>Adds a plant called Neutroaleaf, Which can be refined into Neutroamine. Special thanks to Steam user Selfarion for providing a Russian translation for my mod!. Inherited from nanonator102 and FlawlessDiamond</description>
</ModMetaData>